{
    "machine learning": 0.5901570916175842,
    "artificial intelligence": 0.5900378227233887,
    "neural network": 0.5547212958335876
}